-- 그래플레이 비즈 — 초기 스키마 (그래플레이 운영 DB와 완전히 분리된 별도 프로젝트)
-- 전문가 / 강의 / 전문가리뷰(별점) / 강의리뷰(댓글형)

-- ── 전문가 ──
create table if not exists experts (
  id         text primary key,
  name       text not null,
  title      text not null,
  avatar     text,
  bio        text,
  created_at timestamptz default now()
);

-- ── 강의 ──
create table if not exists courses (
  id                       text primary key,
  expert_id                text references experts(id) on delete cascade,
  title                    text not null,
  subtitle                 text,
  category                 text not null,
  price                    integer not null default 0,
  is_subscription_excluded boolean not null default false,
  cover                    text,
  thumb_emoji              text,
  lesson_count             integer not null default 0,
  duration_min             integer not null default 0,
  rating                   numeric(2,1) not null default 0,
  review_count             integer not null default 0,
  student_count            integer not null default 0,
  summary                  text,
  what_you_learn           jsonb not null default '[]'::jsonb,
  curriculum               jsonb not null default '[]'::jsonb,
  use_landing_page         boolean not null default false,
  detail_blocks            jsonb not null default '[]'::jsonb,
  review_reward_pdf_url    text,
  sort_order               integer not null default 0,
  created_at               timestamptz default now()
);
create index if not exists courses_category_idx on courses (category);
create index if not exists courses_expert_idx on courses (expert_id);

-- ── 전문가 리뷰 (별점, 전문가 1명당) ──
create table if not exists expert_reviews (
  id         text primary key,
  expert_id  text references experts(id) on delete cascade,
  user_name  text not null,
  rating     integer not null check (rating between 1 and 5),
  content    text,
  created_at text
);
create index if not exists expert_reviews_expert_idx on expert_reviews (expert_id);

-- ── 강의 리뷰 (댓글형, 별점 없음) ──
create table if not exists course_reviews (
  id             text primary key,
  course_id      text references courses(id) on delete cascade,
  user_name      text not null,
  user_email     text,
  content        text not null,
  hidden         boolean not null default false,
  pdf_sent_count integer not null default 0,
  created_at     text
);
create index if not exists course_reviews_course_idx on course_reviews (course_id);

-- ── RLS: 프론트(anon)에서 읽기만 허용 ──
alter table experts        enable row level security;
alter table courses        enable row level security;
alter table expert_reviews enable row level security;
alter table course_reviews enable row level security;

create policy "public read experts"        on experts        for select using (true);
create policy "public read courses"         on courses         for select using (true);
create policy "public read expert_reviews"  on expert_reviews  for select using (true);
create policy "public read course_reviews"  on course_reviews  for select using (true);
-- 쓰기(INSERT/UPDATE/DELETE) 정책은 인증/대시보드 연동 단계에서 추가 예정.
-- 그래플레이 비즈 — 시드 데이터 (목업과 동일)
-- 재실행 안전(on conflict do nothing)

-- ── 전문가 ──
insert into experts (id, name, title, avatar, bio) values
  ('e1','김도장','15년차 체육관 운영 컨설턴트','🥋','전국 40개 지점 프랜차이즈를 직접 운영하며 다져온 현장 노하우를 전합니다.'),
  ('e2','이마케팅','로컬 비즈니스 마케터','📈','동네 단위 소상공인 마케팅 캠페인 200건 이상을 집행한 퍼포먼스 마케터.'),
  ('e3','박상권','상권분석 데이터 애널리스트','🗺️','공공데이터와 유동인구 분석으로 폐업률을 낮추는 입지 컨설팅 전문가.'),
  ('e4','최재무','소상공인 전문 재무설계사','💼','자영업자 맞춤 연금·절세·자산배분을 12년간 자문해 온 FP.')
on conflict (id) do nothing;

-- ── 강의 ──
insert into courses (id, expert_id, title, subtitle, category, price, is_subscription_excluded, cover, thumb_emoji, lesson_count, duration_min, rating, review_count, student_count, summary, what_you_learn, curriculum, sort_order) values
  ('c1','e2','체육관 첫 100명 회원 만들기','오픈 6개월 안에 손익분기 넘기는 마케팅 플레이북','마케팅',99000,true,'from-amber-400 to-orange-500','📣',12,210,4.9,38,412,
   '체육관을 막 오픈했거나 회원 수가 정체된 관장님을 위한 실전 마케팅 코스입니다. 지역 타겟 광고부터 추천 이벤트, 체험 수업 전환까지 검증된 순서로 알려드립니다.',
   '["월 50만원 예산으로 신규 회원 모으는 광고 세팅","체험 수업을 정식 등록으로 전환하는 상담 흐름","입소문이 도는 추천 이벤트 설계","마케팅 비용 대비 매출(ROAS) 추적하는 법"]'::jsonb,
   '[{"title":"왜 체육관 마케팅은 동네 싸움인가","durationMin":14},{"title":"인스타·네이버 플레이스 기본 세팅","durationMin":22},{"title":"체험 수업 전환율 2배 만드는 스크립트","durationMin":19},{"title":"회원 추천이 끊기지 않는 리워드 구조","durationMin":18},{"title":"광고비 회수 계산법과 손익분기 추적","durationMin":25}]'::jsonb,0),
  ('c2','e3','데이터로 고르는 체육관 입지','폐업 안 하는 자리, 숫자로 검증하기','상권분석',129000,true,'from-emerald-400 to-teal-500','📍',9,165,4.8,21,187,
   '감이 아니라 데이터로 자리를 고르는 법. 공공 상권 데이터, 유동인구, 경쟁 밀도를 직접 읽고 후보지를 점수로 비교하는 실습형 코스입니다.',
   '["공공데이터로 후보지 3곳 점수 비교하기","임대료 대비 적정 회원 수 역산하기","경쟁 과밀 상권 피하는 기준선"]'::jsonb,
   '[{"title":"상권분석에 꼭 봐야 할 5가지 지표","durationMin":17},{"title":"소상공인 상권정보시스템 200% 활용","durationMin":24},{"title":"유동인구 데이터로 시간대 읽기","durationMin":20},{"title":"경쟁 체육관 밀도 지도 그리기","durationMin":19}]'::jsonb,1),
  ('c3','e4','관장님을 위한 연금·절세 설계','자영업자 노후, 늦기 전에 구조부터','연금',0,false,'from-sky-400 to-indigo-500','💰',7,120,4.7,15,320,
   '들쭉날쭉한 자영업 소득에 맞춘 연금과 절세 전략. 노란우산공제부터 IRP, 소득 분산까지 관장님 상황에 맞게 정리해 드립니다.',
   '["소득공제 한도를 채우는 가입 순서","체육관 수익을 노후 자산으로 옮기는 흐름","폐업·은퇴 시점 현금 흐름 시뮬레이션"]'::jsonb,
   '[{"title":"자영업자 소득의 함정과 노후 리스크","durationMin":16},{"title":"노란우산공제 제대로 쓰기","durationMin":18},{"title":"IRP·연금저축 절세 조합","durationMin":21}]'::jsonb,2),
  ('c4','e1','회원 이탈 막는 운영 시스템','등록보다 어려운 건 재등록입니다','체육관 운영',89000,true,'from-rose-400 to-pink-500','🏋️',14,240,5.0,52,503,
   '회원 한 명을 오래 머물게 하는 운영 디테일. 출석 관리, 등급 시스템, 커뮤니티 만들기까지 재등록률을 끌어올리는 운영 루틴을 담았습니다.',
   '["3개월 차 이탈 구간을 넘기는 케어 루틴","등급·승급 시스템으로 장기 동기 만들기","운영 업무를 줄이는 자동화 도구 셋업"]'::jsonb,
   '[{"title":"재등록률이 곧 매출인 이유","durationMin":15},{"title":"출석·진도 관리 자동화","durationMin":22},{"title":"띠/등급 시스템으로 동기부여","durationMin":20},{"title":"회원 커뮤니티가 이탈을 막는다","durationMin":18},{"title":"환불·클레임 응대 매뉴얼","durationMin":17}]'::jsonb,3),
  ('c5','e2','체육관 SNS 콘텐츠 30일 챌린지','찍을 게 없다는 관장님을 위한 콘텐츠 공식','마케팅',59000,true,'from-violet-400 to-purple-500','🎬',10,150,4.6,29,271,
   '체육관 일상을 매일 한 개씩 콘텐츠로 만드는 30일 루틴. 촬영·편집 부담을 줄이는 템플릿과 릴스 공식을 제공합니다.',
   '["하루 10분 콘텐츠 제작 루틴","저장·공유를 부르는 릴스 구성","체험 문의로 이어지는 CTA 문구"]'::jsonb,
   '[{"title":"체육관 콘텐츠 4가지 유형","durationMin":14},{"title":"30초 릴스 촬영 세팅","durationMin":19},{"title":"편집 없이 보이는 자막 공식","durationMin":16}]'::jsonb,4),
  ('c6','e1','프랜차이즈 vs 개인관 손익 비교','창업 전에 숫자로 따져보기','체육관 운영',0,false,'from-amber-300 to-yellow-500','📊',6,95,4.5,11,142,
   '프랜차이즈 가맹과 개인 창업, 무엇이 더 남을까. 초기 투자, 로열티, 운영 자유도를 실제 손익표로 비교해 의사결정을 돕습니다.',
   '["가맹 계약서에서 꼭 볼 비용 항목","개인관 창업의 숨은 비용","5년 손익 분기 시뮬레이션"]'::jsonb,
   '[{"title":"초기 투자금 항목별 비교","durationMin":16},{"title":"로열티·관리비의 진짜 비용","durationMin":18},{"title":"5년 누적 손익 시뮬레이션","durationMin":21}]'::jsonb,5)
on conflict (id) do nothing;

-- ── 전문가 리뷰 (별점) ──
insert into expert_reviews (id, expert_id, user_name, rating, content, created_at) values
  ('er1','e1','관장 J',5,'현장 경험에서 나온 조언이라 바로 적용할 수 있었어요.','2026.05.20'),
  ('er2','e1','도장 운영 K',5,'운영 디테일을 이렇게까지 알려주는 분은 처음입니다.','2026.05.12'),
  ('er3','e1','신규 창업 P',4,'내용은 훌륭한데 분량이 조금 많아요. 그래도 추천.','2026.04.28'),
  ('er4','e2','관장 L',5,'광고 세팅 그대로 따라 했더니 체험 문의가 늘었습니다.','2026.05.18'),
  ('er5','e2','코치 M',4,'실전 예시가 많아 좋았어요.','2026.05.02'),
  ('er6','e3','예비 창업 H',5,'입지 고를 때 막막했는데 기준이 생겼습니다.','2026.05.09'),
  ('er7','e4','관장 S',5,'연금·절세를 자영업자 눈높이로 풀어줘서 좋았어요.','2026.04.30')
on conflict (id) do nothing;

-- ── 강의 리뷰 (댓글형) ──
insert into course_reviews (id, course_id, user_name, user_email, content, hidden, pdf_sent_count, created_at) values
  ('cr1','c4','관장 J','jgym@example.com','재등록률 케어 루틴 도입 후 3개월차 이탈이 확 줄었어요.',false,1,'2026.05.22'),
  ('cr2','c4','도장 K','kdojang@example.com','등급 시스템 그대로 적용했습니다. 감사합니다!',false,0,'2026.05.15'),
  ('cr3','c6','예비창업 P','pstart@example.com','프랜차이즈 비교표 덕분에 결정이 쉬워졌어요.',false,0,'2026.05.10'),
  ('cr4','c4','스팸의심','spam@example.com','광고성 댓글 ...',true,0,'2026.05.08')
on conflict (id) do nothing;
